{"0":{"OwnerUserId":0,"CreationDate":"2022-01-09T15:14:44.560Z","ParentId":"3","Score":26,"Body":"Das versteh ich nicht so wirklich..."},"1":{"OwnerUserId":0,"CreationDate":"2022-01-10T14:55:56.348Z","ParentId":"3","Score":152,"Body":"Find die Frage doof. Schreib doch was neues"},"2":{"OwnerUserId":0,"CreationDate":"2022-01-10T14:57:47.328Z","ParentId":"3","Score":16,"Body":"Probiers doch ganz anders!"},"3":{"OwnerUserId":1,"CreationDate":"2022-01-10T15:04:56.940Z","ParentId":"3","Score":17,"Body":"Ja definitiv! ;^)"},"4":{"OwnerUserId":1,"CreationDate":"2022-01-10T15:05:58.411Z","ParentId":"3","Score":4,"Body":"Upvotet meinen Kommentar!"},"5":{"OwnerUserId":0,"CreationDate":"2022-01-11T06:36:47.418Z","ParentId":"6","Score":0,"Body":"Benzin kann man trinken. Einmal."},"6":{"OwnerUserId":0,"CreationDate":"2022-01-11T06:37:46.785Z","ParentId":"6","Score":0,"Body":"Rosen sind rot, ich bin blau heute werd ich aus der Aufgabe auch nicht mehr schlau."},"7":{"OwnerUserId":0,"CreationDate":"2022-01-11T06:38:46.104Z","ParentId":"6","Score":0,"Body":"Mutter will dass ich heimkomme!"},"8":{"OwnerUserId":0,"CreationDate":"2022-01-11T06:42:09.486Z","ParentId":"6","Score":0,"Body":"Geht das auch mit einer Ente?"},"9":{"OwnerUserId":0,"CreationDate":"2022-01-11T06:42:25.234Z","ParentId":"6","Score":0,"Body":"Hmmmmm versteh ich nicht"},"10":{"OwnerUserId":0,"CreationDate":"2022-01-11T06:43:15.022Z","ParentId":"6","Score":0,"Body":"Alle meine Entchen!"},"11":{"OwnerUserId":0,"CreationDate":"2022-01-11T06:43:20.545Z","ParentId":"6","Score":0,"Body":"Haben wir jetzt morgen die Klausur Freddy?"}}