{"0":{"OwnerUserId":0,"CreationDate":"2022-01-09T15:35:23.575Z","Score":1,"Title":"Das ist mein erster Post!","Body":"Ich brauche ganz viele Likes bitte!"},"1":{"OwnerUserId":0,"CreationDate":"2022-01-09T15:34:59.863Z","Score":20,"Title":"Kann mir jemand bei der HÜ helfen?","Body":"Rechnen ist nicht so meine Stärke kann mir jemand die HÜ machen bitte? 3+1=?"},"2":{"OwnerUserId":0,"CreationDate":"2022-01-09T15:35:38.941Z","Score":10,"Title":"Danke Markus!","Body":"Schaut euch doch mal den BMW von mir an! Den hab ich innerhalb von 24 Stunden mit der tollen Whatsapp Grppe von Markus verdient. Macht auch bei meinem Pyramidenschema mit!"},"3":{"OwnerUserId":0,"CreationDate":"2022-01-10T11:02:36.253Z","Score":403,"Title":"Bin ich etwa leicht dumm?","Body":"Meine Mutti sagt immer ich sei dumm aber iwie glaub ich dass nicht so ganz!"},"4":{"OwnerUserId":-1,"CreationDate":"2022-01-10T14:02:57.149Z","Score":2,"Title":"Haferbrei Rezept","Body":"Kann mir jemand bitte ein Rezept für Haferbrei schicken?"},"5":{"OwnerUserId":-1,"CreationDate":"2022-01-10T14:03:49.666Z","Score":0,"Title":"Hilfe meine Katze will aufs Keyboard!","Body":"asfsafafasjfoaf püüpnqwpüoefnq  qwefqpü fjqüjf qefjüq pefqüpqpfjq"},"6":{"OwnerUserId":0,"CreationDate":"2022-01-10T14:06:56.630Z","Score":26,"Title":"Was hört ihr denn gerne für Musik?","Body":"Ich mag Käse und ihr so?"}}